Workbook

Sheet Rangos Globales 3D
A1: defect_type | B1: variant | C1: n_detected | D1: area_mm2_min | E1: area_mm2_max | F1: area_mm2_mean | G1: perimeter_mm_min | H1: perimeter_mm_max | I1: perimeter_mm_mean | J1: major_axis_length_mm_min | K1: major_axis_length_mm_max | L1: major_axis_length_mm_mean | M1: minor_axis_length_mm_min | N1: minor_axis_length_mm_max | O1: minor_axis_length_mm_mean | P1: depth_mean_mm_min | Q1: depth_mean_mm_max | R1: depth_mean_mm_mean | S1: depth_p95_mm_min | T1: depth_p95_mm_max | U1: depth_p95_mm_mean | V1: depth_max_mm_min | W1: depth_max_mm_max | X1: depth_max_mm_mean | Y1: depth_volume_mm3_min | Z1: depth_volume_mm3_max | AA1: depth_volume_mm3_mean
A2: Abrasion | B2: thin | C2: =COUNT('Scratch-Abrasion'!$H$2:$H$1023) | D2: =MIN('Scratch-Abrasion'!$H$2:$H$1023) | E2: =MAX('Scratch-Abrasion'!$H$2:$H$1023) | F2: =AVERAGE('Scratch-Abrasion'!$H$2:$H$1023) | G2: =MIN('Scratch-Abrasion'!$I$2:$I$1023) | H2: =MAX('Scratch-Abrasion'!$I$2:$I$1023) | I2: =AVERAGE('Scratch-Abrasion'!$I$2:$I$1023) | J2: =MIN('Scratch-Abrasion'!$J$2:$J$1023) | K2: =MAX('Scratch-Abrasion'!$J$2:$J$1023) | L2: =AVERAGE('Scratch-Abrasion'!$J$2:$J$1023) | M2: =MIN('Scratch-Abrasion'!$K$2:$K$1023) | N2: =MAX('Scratch-Abrasion'!$K$2:$K$1023) | O2: =AVERAGE('Scratch-Abrasion'!$K$2:$K$1023) | P2: =MIN('Scratch-Abrasion'!$Q$2:$Q$1023) | Q2: =MAX('Scratch-Abrasion'!$Q$2:$Q$1023) | R2: =AVERAGE('Scratch-Abrasion'!$Q$2:$Q$1023) | S2: =MIN('Scratch-Abrasion'!$R$2:$R$1023) | T2: =MAX('Scratch-Abrasion'!$R$2:$R$1023) | U2: =AVERAGE('Scratch-Abrasion'!$R$2:$R$1023) | V2: =MIN('Scratch-Abrasion'!$S$2:$S$1023) | W2: =MAX('Scratch-Abrasion'!$S$2:$S$1023) | X2: =AVERAGE('Scratch-Abrasion'!$S$2:$S$1023) | Y2: =MIN('Scratch-Abrasion'!$T$2:$T$1023) | Z2: =MAX('Scratch-Abrasion'!$T$2:$T$1023) | AA2: =AVERAGE('Scratch-Abrasion'!$T$2:$T$1023)
A3: Crack | B3: thin | C3: =COUNT('Crack (cut)'!$H$2:$H$980) | D3: =MIN('Crack (cut)'!$H$2:$H$980) | E3: =MAX('Crack (cut)'!$H$2:$H$980) | F3: =AVERAGE('Crack (cut)'!$H$2:$H$980) | G3: =MIN('Crack (cut)'!$I$2:$I$980) | H3: =MAX('Crack (cut)'!$I$2:$I$980) | I3: =AVERAGE('Crack (cut)'!$I$2:$I$980) | J3: =MIN('Crack (cut)'!$J$2:$J$980) | K3: =MAX('Crack (cut)'!$J$2:$J$980) | L3: =AVERAGE('Crack (cut)'!$J$2:$J$980) | M3: =MIN('Crack (cut)'!$K$2:$K$980) | N3: =MAX('Crack (cut)'!$K$2:$K$980) | O3: =AVERAGE('Crack (cut)'!$K$2:$K$980) | P3: =MIN('Crack (cut)'!$Q$2:$Q$980) | Q3: =MAX('Crack (cut)'!$Q$2:$Q$980) | R3: =AVERAGE('Crack (cut)'!$Q$2:$Q$980) | S3: =MIN('Crack (cut)'!$R$2:$R$980) | T3: =MAX('Crack (cut)'!$R$2:$R$980) | U3: =AVERAGE('Crack (cut)'!$R$2:$R$980) | V3: =MIN('Crack (cut)'!$S$2:$S$980) | W3: =MAX('Crack (cut)'!$S$2:$S$980) | X3: =AVERAGE('Crack (cut)'!$S$2:$S$980) | Y3: =MIN('Crack (cut)'!$T$2:$T$980) | Z3: =MAX('Crack (cut)'!$T$2:$T$980) | AA3: =AVERAGE('Crack (cut)'!$T$2:$T$980)
A4: Friction | B4: thin | C4: =COUNT('Scratch-Friction'!$H$2:$H$1254) | D4: =MIN('Scratch-Friction'!$H$2:$H$1254) | E4: =MAX('Scratch-Friction'!$H$2:$H$1254) | F4: =AVERAGE('Scratch-Friction'!$H$2:$H$1254) | G4: =MIN('Scratch-Friction'!$I$2:$I$1254) | H4: =MAX('Scratch-Friction'!$I$2:$I$1254) | I4: =AVERAGE('Scratch-Friction'!$I$2:$I$1254) | J4: =MIN('Scratch-Friction'!$J$2:$J$1254) | K4: =MAX('Scratch-Friction'!$J$2:$J$1254) | L4: =AVERAGE('Scratch-Friction'!$J$2:$J$1254) | M4: =MIN('Scratch-Friction'!$K$2:$K$1254) | N4: =MAX('Scratch-Friction'!$K$2:$K$1254) | O4: =AVERAGE('Scratch-Friction'!$K$2:$K$1254) | P4: =MIN('Scratch-Friction'!$Q$2:$Q$1254) | Q4: =MAX('Scratch-Friction'!$Q$2:$Q$1254) | R4: =AVERAGE('Scratch-Friction'!$Q$2:$Q$1254) | S4: =MIN('Scratch-Friction'!$R$2:$R$1254) | T4: =MAX('Scratch-Friction'!$R$2:$R$1254) | U4: =AVERAGE('Scratch-Friction'!$R$2:$R$1254) | V4: =MIN('Scratch-Friction'!$S$2:$S$1254) | W4: =MAX('Scratch-Friction'!$S$2:$S$1254) | X4: =AVERAGE('Scratch-Friction'!$S$2:$S$1254) | Y4: =MIN('Scratch-Friction'!$T$2:$T$1254) | Z4: =MAX('Scratch-Friction'!$T$2:$T$1254) | AA4: =AVERAGE('Scratch-Friction'!$T$2:$T$1254)
A5: Holes | B5: simple | C5: =COUNT('Material loss - Holes'!$H$2:$H$213) | D5: =MIN('Material loss - Holes'!$H$2:$H$213) | E5: =MAX('Material loss - Holes'!$H$2:$H$213) | F5: =AVERAGE('Material loss - Holes'!$H$2:$H$213) | G5: =MIN('Material loss - Holes'!$I$2:$I$213) | H5: =MAX('Material loss - Holes'!$I$2:$I$213) | I5: =AVERAGE('Material loss - Holes'!$I$2:$I$213) | J5: =MIN('Material loss - Holes'!$J$2:$J$213) | K5: =MAX('Material loss - Holes'!$J$2:$J$213) | L5: =AVERAGE('Material loss - Holes'!$J$2:$J$213) | M5: =MIN('Material loss - Holes'!$K$2:$K$213) | N5: =MAX('Material loss - Holes'!$K$2:$K$213) | O5: =AVERAGE('Material loss - Holes'!$K$2:$K$213) | P5: =MIN('Material loss - Holes'!$Q$2:$Q$213) | Q5: =MAX('Material loss - Holes'!$Q$2:$Q$213) | R5: =AVERAGE('Material loss - Holes'!$Q$2:$Q$213) | S5: =MIN('Material loss - Holes'!$R$2:$R$213) | T5: =MAX('Material loss - Holes'!$R$2:$R$213) | U5: =AVERAGE('Material loss - Holes'!$R$2:$R$213) | V5: =MIN('Material loss - Holes'!$S$2:$S$213) | W5: =MAX('Material loss - Holes'!$S$2:$S$213) | X5: =AVERAGE('Material loss - Holes'!$S$2:$S$213) | Y5: =MIN('Material loss - Holes'!$T$2:$T$213) | Z5: =MAX('Material loss - Holes'!$T$2:$T$213) | AA5: =AVERAGE('Material loss - Holes'!$T$2:$T$213)

Sheet Por tela
A1: defect_type | B1: variant | C1: fabric | D1: n_detected | E1: area_mm2_min | F1: area_mm2_max | G1: area_mm2_mean | H1: perimeter_mm_min | I1: perimeter_mm_max | J1: perimeter_mm_mean | K1: major_axis_length_mm_min | L1: major_axis_length_mm_max | M1: major_axis_length_mm_mean | N1: minor_axis_length_mm_min | O1: minor_axis_length_mm_max | P1: minor_axis_length_mm_mean | Q1: depth_mean_mm_min | R1: depth_mean_mm_max | S1: depth_mean_mm_mean | T1: depth_p95_mm_min | U1: depth_p95_mm_max | V1: depth_p95_mm_mean | W1: depth_max_mm_min | X1: depth_max_mm_max | Y1: depth_max_mm_mean | Z1: depth_volume_mm3_min | AA1: depth_volume_mm3_max | AB1: depth_volume_mm3_mean
A2: Abrasion | B2: thin | C2: fabric01 | D2: =COUNT('Scratch-Abrasion'!$H$2:$H$213) | E2: =MIN('Scratch-Abrasion'!$H$2:$H$213) | F2: =MAX('Scratch-Abrasion'!$H$2:$H$213) | G2: =AVERAGE('Scratch-Abrasion'!$H$2:$H$213) | H2: =MIN('Scratch-Abrasion'!$I$2:$I$213) | I2: =MAX('Scratch-Abrasion'!$I$2:$I$213) | J2: =AVERAGE('Scratch-Abrasion'!$I$2:$I$213) | K2: =MIN('Scratch-Abrasion'!$J$2:$J$213) | L2: =MAX('Scratch-Abrasion'!$J$2:$J$213) | M2: =AVERAGE('Scratch-Abrasion'!$J$2:$J$213) | N2: =MIN('Scratch-Abrasion'!$K$2:$K$213) | O2: =MAX('Scratch-Abrasion'!$K$2:$K$213) | P2: =AVERAGE('Scratch-Abrasion'!$K$2:$K$213) | Q2: =MIN('Scratch-Abrasion'!$Q$2:$Q$213) | R2: =MAX('Scratch-Abrasion'!$Q$2:$Q$213) | S2: =AVERAGE('Scratch-Abrasion'!$Q$2:$Q$213) | T2: =MIN('Scratch-Abrasion'!$R$2:$R$213) | U2: =MAX('Scratch-Abrasion'!$R$2:$R$213) | V2: =AVERAGE('Scratch-Abrasion'!$R$2:$R$213) | W2: =MIN('Scratch-Abrasion'!$S$2:$S$213) | X2: =MAX('Scratch-Abrasion'!$S$2:$S$213) | Y2: =AVERAGE('Scratch-Abrasion'!$S$2:$S$213) | Z2: =MIN('Scratch-Abrasion'!$T$2:$T$213) | AA2: =MAX('Scratch-Abrasion'!$T$2:$T$213) | AB2: =AVERAGE('Scratch-Abrasion'!$T$2:$T$213)
A3: Abrasion | B3: thin | C3: fabric02 | D3: =COUNT('Scratch-Abrasion'!$H$214:$H$369) | E3: =MIN('Scratch-Abrasion'!$H$214:$H$369) | F3: =MAX('Scratch-Abrasion'!$H$214:$H$369) | G3: =AVERAGE('Scratch-Abrasion'!$H$214:$H$369) | H3: =MIN('Scratch-Abrasion'!$I$214:$I$369) | I3: =MAX('Scratch-Abrasion'!$I$214:$I$369) | J3: =AVERAGE('Scratch-Abrasion'!$I$214:$I$369) | K3: =MIN('Scratch-Abrasion'!$J$214:$J$369) | L3: =MAX('Scratch-Abrasion'!$J$214:$J$369) | M3: =AVERAGE('Scratch-Abrasion'!$J$214:$J$369) | N3: =MIN('Scratch-Abrasion'!$K$214:$K$369) | O3: =MAX('Scratch-Abrasion'!$K$214:$K$369) | P3: =AVERAGE('Scratch-Abrasion'!$K$214:$K$369) | Q3: =MIN('Scratch-Abrasion'!$Q$214:$Q$369) | R3: =MAX('Scratch-Abrasion'!$Q$214:$Q$369) | S3: =AVERAGE('Scratch-Abrasion'!$Q$214:$Q$369) | T3: =MIN('Scratch-Abrasion'!$R$214:$R$369) | U3: =MAX('Scratch-Abrasion'!$R$214:$R$369) | V3: =AVERAGE('Scratch-Abrasion'!$R$214:$R$369) | W3: =MIN('Scratch-Abrasion'!$S$214:$S$369) | X3: =MAX('Scratch-Abrasion'!$S$214:$S$369) | Y3: =AVERAGE('Scratch-Abrasion'!$S$214:$S$369) | Z3: =MIN('Scratch-Abrasion'!$T$214:$T$369) | AA3: =MAX('Scratch-Abrasion'!$T$214:$T$369) | AB3: =AVERAGE('Scratch-Abrasion'!$T$214:$T$369)
A4: Abrasion | B4: thin | C4: fabric03 | D4: =COUNT('Scratch-Abrasion'!$H$370:$H$397) | E4: =MIN('Scratch-Abrasion'!$H$370:$H$397) | F4: =MAX('Scratch-Abrasion'!$H$370:$H$397) | G4: =AVERAGE('Scratch-Abrasion'!$H$370:$H$397) | H4: =MIN('Scratch-Abrasion'!$I$370:$I$397) | I4: =MAX('Scratch-Abrasion'!$I$370:$I$397) | J4: =AVERAGE('Scratch-Abrasion'!$I$370:$I$397) | K4: =MIN('Scratch-Abrasion'!$J$370:$J$397) | L4: =MAX('Scratch-Abrasion'!$J$370:$J$397) | M4: =AVERAGE('Scratch-Abrasion'!$J$370:$J$397) | N4: =MIN('Scratch-Abrasion'!$K$370:$K$397) | O4: =MAX('Scratch-Abrasion'!$K$370:$K$397) | P4: =AVERAGE('Scratch-Abrasion'!$K$370:$K$397) | Q4: =MIN('Scratch-Abrasion'!$Q$370:$Q$397) | R4: =MAX('Scratch-Abrasion'!$Q$370:$Q$397) | S4: =AVERAGE('Scratch-Abrasion'!$Q$370:$Q$397) | T4: =MIN('Scratch-Abrasion'!$R$370:$R$397) | U4: =MAX('Scratch-Abrasion'!$R$370:$R$397) | V4: =AVERAGE('Scratch-Abrasion'!$R$370:$R$397) | W4: =MIN('Scratch-Abrasion'!$S$370:$S$397) | X4: =MAX('Scratch-Abrasion'!$S$370:$S$397) | Y4: =AVERAGE('Scratch-Abrasion'!$S$370:$S$397) | Z4: =MIN('Scratch-Abrasion'!$T$370:$T$397) | AA4: =MAX('Scratch-Abrasion'!$T$370:$T$397) | AB4: =AVERAGE('Scratch-Abrasion'!$T$370:$T$397)
A5: Abrasion | B5: thin | C5: fabric04 | D5: =COUNT('Scratch-Abrasion'!$H$398:$H$615) | E5: =MIN('Scratch-Abrasion'!$H$398:$H$615) | F5: =MAX('Scratch-Abrasion'!$H$398:$H$615) | G5: =AVERAGE('Scratch-Abrasion'!$H$398:$H$615) | H5: =MIN('Scratch-Abrasion'!$I$398:$I$615) | I5: =MAX('Scratch-Abrasion'!$I$398:$I$615) | J5: =AVERAGE('Scratch-Abrasion'!$I$398:$I$615) | K5: =MIN('Scratch-Abrasion'!$J$398:$J$615) | L5: =MAX('Scratch-Abrasion'!$J$398:$J$615) | M5: =AVERAGE('Scratch-Abrasion'!$J$398:$J$615) | N5: =MIN('Scratch-Abrasion'!$K$398:$K$615) | O5: =MAX('Scratch-Abrasion'!$K$398:$K$615) | P5: =AVERAGE('Scratch-Abrasion'!$K$398:$K$615) | Q5: =MIN('Scratch-Abrasion'!$Q$398:$Q$615) | R5: =MAX('Scratch-Abrasion'!$Q$398:$Q$615) | S5: =AVERAGE('Scratch-Abrasion'!$Q$398:$Q$615) | T5: =MIN('Scratch-Abrasion'!$R$398:$R$615) | U5: =MAX('Scratch-Abrasion'!$R$398:$R$615) | V5: =AVERAGE('Scratch-Abrasion'!$R$398:$R$615) | W5: =MIN('Scratch-Abrasion'!$S$398:$S$615) | X5: =MAX('Scratch-Abrasion'!$S$398:$S$615) | Y5: =AVERAGE('Scratch-Abrasion'!$S$398:$S$615) | Z5: =MIN('Scratch-Abrasion'!$T$398:$T$615) | AA5: =MAX('Scratch-Abrasion'!$T$398:$T$615) | AB5: =AVERAGE('Scratch-Abrasion'!$T$398:$T$615)
A6: Abrasion | B6: thin | C6: fabric05 | D6: =COUNT('Scratch-Abrasion'!$H$616:$H$804) | E6: =MIN('Scratch-Abrasion'!$H$616:$H$804) | F6: =MAX('Scratch-Abrasion'!$H$616:$H$804) | G6: =AVERAGE('Scratch-Abrasion'!$H$616:$H$804) | H6: =MIN('Scratch-Abrasion'!$I$616:$I$804) | I6: =MAX('Scratch-Abrasion'!$I$616:$I$804) | J6: =AVERAGE('Scratch-Abrasion'!$I$616:$I$804) | K6: =MIN('Scratch-Abrasion'!$J$616:$J$804) | L6: =MAX('Scratch-Abrasion'!$J$616:$J$804) | M6: =AVERAGE('Scratch-Abrasion'!$J$616:$J$804) | N6: =MIN('Scratch-Abrasion'!$K$616:$K$804) | O6: =MAX('Scratch-Abrasion'!$K$616:$K$804) | P6: =AVERAGE('Scratch-Abrasion'!$K$616:$K$804) | Q6: =MIN('Scratch-Abrasion'!$Q$616:$Q$804) | R6: =MAX('Scratch-Abrasion'!$Q$616:$Q$804) | S6: =AVERAGE('Scratch-Abrasion'!$Q$616:$Q$804) | T6: =MIN('Scratch-Abrasion'!$R$616:$R$804) | U6: =MAX('Scratch-Abrasion'!$R$616:$R$804) | V6: =AVERAGE('Scratch-Abrasion'!$R$616:$R$804) | W6: =MIN('Scratch-Abrasion'!$S$616:$S$804) | X6: =MAX('Scratch-Abrasion'!$S$616:$S$804) | Y6: =AVERAGE('Scratch-Abrasion'!$S$616:$S$804) | Z6: =MIN('Scratch-Abrasion'!$T$616:$T$804) | AA6: =MAX('Scratch-Abrasion'!$T$616:$T$804) | AB6: =AVERAGE('Scratch-Abrasion'!$T$616:$T$804)
A7: Abrasion | B7: thin | C7: fabric06 | D7: =COUNT('Scratch-Abrasion'!$H$805:$H$1023) | E7: =MIN('Scratch-Abrasion'!$H$805:$H$1023) | F7: =MAX('Scratch-Abrasion'!$H$805:$H$1023) | G7: =AVERAGE('Scratch-Abrasion'!$H$805:$H$1023) | H7: =MIN('Scratch-Abrasion'!$I$805:$I$1023) | I7: =MAX('Scratch-Abrasion'!$I$805:$I$1023) | J7: =AVERAGE('Scratch-Abrasion'!$I$805:$I$1023) | K7: =MIN('Scratch-Abrasion'!$J$805:$J$1023) | L7: =MAX('Scratch-Abrasion'!$J$805:$J$1023) | M7: =AVERAGE('Scratch-Abrasion'!$J$805:$J$1023) | N7: =MIN('Scratch-Abrasion'!$K$805:$K$1023) | O7: =MAX('Scratch-Abrasion'!$K$805:$K$1023) | P7: =AVERAGE('Scratch-Abrasion'!$K$805:$K$1023) | Q7: =MIN('Scratch-Abrasion'!$Q$805:$Q$1023) | R7: =MAX('Scratch-Abrasion'!$Q$805:$Q$1023) | S7: =AVERAGE('Scratch-Abrasion'!$Q$805:$Q$1023) | T7: =MIN('Scratch-Abrasion'!$R$805:$R$1023) | U7: =MAX('Scratch-Abrasion'!$R$805:$R$1023) | V7: =AVERAGE('Scratch-Abrasion'!$R$805:$R$1023) | W7: =MIN('Scratch-Abrasion'!$S$805:$S$1023) | X7: =MAX('Scratch-Abrasion'!$S$805:$S$1023) | Y7: =AVERAGE('Scratch-Abrasion'!$S$805:$S$1023) | Z7: =MIN('Scratch-Abrasion'!$T$805:$T$1023) | AA7: =MAX('Scratch-Abrasion'!$T$805:$T$1023) | AB7: =AVERAGE('Scratch-Abrasion'!$T$805:$T$1023)
A8: Crack | B8: thin | C8: fabric01 | D8: =COUNT('Crack (cut)'!$H$2:$H$137) | E8: =MIN('Crack (cut)'!$H$2:$H$137) | F8: =MAX('Crack (cut)'!$H$2:$H$137) | G8: =AVERAGE('Crack (cut)'!$H$2:$H$137) | H8: =MIN('Crack (cut)'!$I$2:$I$137) | I8: =MAX('Crack (cut)'!$I$2:$I$137) | J8: =AVERAGE('Crack (cut)'!$I$2:$I$137) | K8: =MIN('Crack (cut)'!$J$2:$J$137) | L8: =MAX('Crack (cut)'!$J$2:$J$137) | M8: =AVERAGE('Crack (cut)'!$J$2:$J$137) | N8: =MIN('Crack (cut)'!$K$2:$K$137) | O8: =MAX('Crack (cut)'!$K$2:$K$137) | P8: =AVERAGE('Crack (cut)'!$K$2:$K$137) | Q8: =MIN('Crack (cut)'!$Q$2:$Q$137) | R8: =MAX('Crack (cut)'!$Q$2:$Q$137) | S8: =AVERAGE('Crack (cut)'!$Q$2:$Q$137) | T8: =MIN('Crack (cut)'!$R$2:$R$137) | U8: =MAX('Crack (cut)'!$R$2:$R$137) | V8: =AVERAGE('Crack (cut)'!$R$2:$R$137) | W8: =MIN('Crack (cut)'!$S$2:$S$137) | X8: =MAX('Crack (cut)'!$S$2:$S$137) | Y8: =AVERAGE('Crack (cut)'!$S$2:$S$137) | Z8: =MIN('Crack (cut)'!$T$2:$T$137) | AA8: =MAX('Crack (cut)'!$T$2:$T$137) | AB8: =AVERAGE('Crack (cut)'!$T$2:$T$137)
A9: Crack | B9: thin | C9: fabric03 | D9: =COUNT('Crack (cut)'!$H$138:$H$315) | E9: =MIN('Crack (cut)'!$H$138:$H$315) | F9: =MAX('Crack (cut)'!$H$138:$H$315) | G9: =AVERAGE('Crack (cut)'!$H$138:$H$315) | H9: =MIN('Crack (cut)'!$I$138:$I$315) | I9: =MAX('Crack (cut)'!$I$138:$I$315) | J9: =AVERAGE('Crack (cut)'!$I$138:$I$315) | K9: =MIN('Crack (cut)'!$J$138:$J$315) | L9: =MAX('Crack (cut)'!$J$138:$J$315) | M9: =AVERAGE('Crack (cut)'!$J$138:$J$315) | N9: =MIN('Crack (cut)'!$K$138:$K$315) | O9: =MAX('Crack (cut)'!$K$138:$K$315) | P9: =AVERAGE('Crack (cut)'!$K$138:$K$315) | Q9: =MIN('Crack (cut)'!$Q$138:$Q$315) | R9: =MAX('Crack (cut)'!$Q$138:$Q$315) | S9: =AVERAGE('Crack (cut)'!$Q$138:$Q$315) | T9: =MIN('Crack (cut)'!$R$138:$R$315) | U9: =MAX('Crack (cut)'!$R$138:$R$315) | V9: =AVERAGE('Crack (cut)'!$R$138:$R$315) | W9: =MIN('Crack (cut)'!$S$138:$S$315) | X9: =MAX('Crack (cut)'!$S$138:$S$315) | Y9: =AVERAGE('Crack (cut)'!$S$138:$S$315) | Z9: =MIN('Crack (cut)'!$T$138:$T$315) | AA9: =MAX('Crack (cut)'!$T$138:$T$315) | AB9: =AVERAGE('Crack (cut)'!$T$138:$T$315)
A10: Crack | B10: thin | C10: fabric04 | D10: =COUNT('Crack (cut)'!$H$316:$H$531) | E10: =MIN('Crack (cut)'!$H$316:$H$531) | F10: =MAX('Crack (cut)'!$H$316:$H$531) | G10: =AVERAGE('Crack (cut)'!$H$316:$H$531) | H10: =MIN('Crack (cut)'!$I$316:$I$531) | I10: =MAX('Crack (cut)'!$I$316:$I$531) | J10: =AVERAGE('Crack (cut)'!$I$316:$I$531) | K10: =MIN('Crack (cut)'!$J$316:$J$531) | L10: =MAX('Crack (cut)'!$J$316:$J$531) | M10: =AVERAGE('Crack (cut)'!$J$316:$J$531) | N10: =MIN('Crack (cut)'!$K$316:$K$531) | O10: =MAX('Crack (cut)'!$K$316:$K$531) | P10: =AVERAGE('Crack (cut)'!$K$316:$K$531) | Q10: =MIN('Crack (cut)'!$Q$316:$Q$531) | R10: =MAX('Crack (cut)'!$Q$316:$Q$531) | S10: =AVERAGE('Crack (cut)'!$Q$316:$Q$531) | T10: =MIN('Crack (cut)'!$R$316:$R$531) | U10: =MAX('Crack (cut)'!$R$316:$R$531) | V10: =AVERAGE('Crack (cut)'!$R$316:$R$531) | W10: =MIN('Crack (cut)'!$S$316:$S$531) | X10: =MAX('Crack (cut)'!$S$316:$S$531) | Y10: =AVERAGE('Crack (cut)'!$S$316:$S$531) | Z10: =MIN('Crack (cut)'!$T$316:$T$531) | AA10: =MAX('Crack (cut)'!$T$316:$T$531) | AB10: =AVERAGE('Crack (cut)'!$T$316:$T$531)
A11: Crack | B11: thin | C11: fabric05 | D11: =COUNT('Crack (cut)'!$H$532:$H$758) | E11: =MIN('Crack (cut)'!$H$532:$H$758) | F11: =MAX('Crack (cut)'!$H$532:$H$758) | G11: =AVERAGE('Crack (cut)'!$H$532:$H$758) | H11: =MIN('Crack (cut)'!$I$532:$I$758) | I11: =MAX('Crack (cut)'!$I$532:$I$758) | J11: =AVERAGE('Crack (cut)'!$I$532:$I$758) | K11: =MIN('Crack (cut)'!$J$532:$J$758) | L11: =MAX('Crack (cut)'!$J$532:$J$758) | M11: =AVERAGE('Crack (cut)'!$J$532:$J$758) | N11: =MIN('Crack (cut)'!$K$532:$K$758) | O11: =MAX('Crack (cut)'!$K$532:$K$758) | P11: =AVERAGE('Crack (cut)'!$K$532:$K$758) | Q11: =MIN('Crack (cut)'!$Q$532:$Q$758) | R11: =MAX('Crack (cut)'!$Q$532:$Q$758) | S11: =AVERAGE('Crack (cut)'!$Q$532:$Q$758) | T11: =MIN('Crack (cut)'!$R$532:$R$758) | U11: =MAX('Crack (cut)'!$R$532:$R$758) | V11: =AVERAGE('Crack (cut)'!$R$532:$R$758) | W11: =MIN('Crack (cut)'!$S$532:$S$758) | X11: =MAX('Crack (cut)'!$S$532:$S$758) | Y11: =AVERAGE('Crack (cut)'!$S$532:$S$758) | Z11: =MIN('Crack (cut)'!$T$532:$T$758) | AA11: =MAX('Crack (cut)'!$T$532:$T$758) | AB11: =AVERAGE('Crack (cut)'!$T$532:$T$758)
A12: Crack | B12: thin | C12: fabric06 | D12: =COUNT('Crack (cut)'!$H$759:$H$980) | E12: =MIN('Crack (cut)'!$H$759:$H$980) | F12: =MAX('Crack (cut)'!$H$759:$H$980) | G12: =AVERAGE('Crack (cut)'!$H$759:$H$980) | H12: =MIN('Crack (cut)'!$I$759:$I$980) | I12: =MAX('Crack (cut)'!$I$759:$I$980) | J12: =AVERAGE('Crack (cut)'!$I$759:$I$980) | K12: =MIN('Crack (cut)'!$J$759:$J$980) | L12: =MAX('Crack (cut)'!$J$759:$J$980) | M12: =AVERAGE('Crack (cut)'!$J$759:$J$980) | N12: =MIN('Crack (cut)'!$K$759:$K$980) | O12: =MAX('Crack (cut)'!$K$759:$K$980) | P12: =AVERAGE('Crack (cut)'!$K$759:$K$980) | Q12: =MIN('Crack (cut)'!$Q$759:$Q$980) | R12: =MAX('Crack (cut)'!$Q$759:$Q$980) | S12: =AVERAGE('Crack (cut)'!$Q$759:$Q$980) | T12: =MIN('Crack (cut)'!$R$759:$R$980) | U12: =MAX('Crack (cut)'!$R$759:$R$980) | V12: =AVERAGE('Crack (cut)'!$R$759:$R$980) | W12: =MIN('Crack (cut)'!$S$759:$S$980) | X12: =MAX('Crack (cut)'!$S$759:$S$980) | Y12: =AVERAGE('Crack (cut)'!$S$759:$S$980) | Z12: =MIN('Crack (cut)'!$T$759:$T$980) | AA12: =MAX('Crack (cut)'!$T$759:$T$980) | AB12: =AVERAGE('Crack (cut)'!$T$759:$T$980)
A13: Friction | B13: thin | C13: fabric01 | D13: =COUNT('Scratch-Friction'!$H$2:$H$180) | E13: =MIN('Scratch-Friction'!$H$2:$H$180) | F13: =MAX('Scratch-Friction'!$H$2:$H$180) | G13: =AVERAGE('Scratch-Friction'!$H$2:$H$180) | H13: =MIN('Scratch-Friction'!$I$2:$I$180) | I13: =MAX('Scratch-Friction'!$I$2:$I$180) | J13: =AVERAGE('Scratch-Friction'!$I$2:$I$180) | K13: =MIN('Scratch-Friction'!$J$2:$J$180) | L13: =MAX('Scratch-Friction'!$J$2:$J$180) | M13: =AVERAGE('Scratch-Friction'!$J$2:$J$180) | N13: =MIN('Scratch-Friction'!$K$2:$K$180) | O13: =MAX('Scratch-Friction'!$K$2:$K$180) | P13: =AVERAGE('Scratch-Friction'!$K$2:$K$180) | Q13: =MIN('Scratch-Friction'!$Q$2:$Q$180) | R13: =MAX('Scratch-Friction'!$Q$2:$Q$180) | S13: =AVERAGE('Scratch-Friction'!$Q$2:$Q$180) | T13: =MIN('Scratch-Friction'!$R$2:$R$180) | U13: =MAX('Scratch-Friction'!$R$2:$R$180) | V13: =AVERAGE('Scratch-Friction'!$R$2:$R$180) | W13: =MIN('Scratch-Friction'!$S$2:$S$180) | X13: =MAX('Scratch-Friction'!$S$2:$S$180) | Y13: =AVERAGE('Scratch-Friction'!$S$2:$S$180) | Z13: =MIN('Scratch-Friction'!$T$2:$T$180) | AA13: =MAX('Scratch-Friction'!$T$2:$T$180) | AB13: =AVERAGE('Scratch-Friction'!$T$2:$T$180)
A14: Friction | B14: thin | C14: fabric02 | D14: =COUNT('Scratch-Friction'!$H$181:$H$391) | E14: =MIN('Scratch-Friction'!$H$181:$H$391) | F14: =MAX('Scratch-Friction'!$H$181:$H$391) | G14: =AVERAGE('Scratch-Friction'!$H$181:$H$391) | H14: =MIN('Scratch-Friction'!$I$181:$I$391) | I14: =MAX('Scratch-Friction'!$I$181:$I$391) | J14: =AVERAGE('Scratch-Friction'!$I$181:$I$391) | K14: =MIN('Scratch-Friction'!$J$181:$J$391) | L14: =MAX('Scratch-Friction'!$J$181:$J$391) | M14: =AVERAGE('Scratch-Friction'!$J$181:$J$391) | N14: =MIN('Scratch-Friction'!$K$181:$K$391) | O14: =MAX('Scratch-Friction'!$K$181:$K$391) | P14: =AVERAGE('Scratch-Friction'!$K$181:$K$391) | Q14: =MIN('Scratch-Friction'!$Q$181:$Q$391) | R14: =MAX('Scratch-Friction'!$Q$181:$Q$391) | S14: =AVERAGE('Scratch-Friction'!$Q$181:$Q$391) | T14: =MIN('Scratch-Friction'!$R$181:$R$391) | U14: =MAX('Scratch-Friction'!$R$181:$R$391) | V14: =AVERAGE('Scratch-Friction'!$R$181:$R$391) | W14: =MIN('Scratch-Friction'!$S$181:$S$391) | X14: =MAX('Scratch-Friction'!$S$181:$S$391) | Y14: =AVERAGE('Scratch-Friction'!$S$181:$S$391) | Z14: =MIN('Scratch-Friction'!$T$181:$T$391) | AA14: =MAX('Scratch-Friction'!$T$181:$T$391) | AB14: =AVERAGE('Scratch-Friction'!$T$181:$T$391)
A15: Friction | B15: thin | C15: fabric03 | D15: =COUNT('Scratch-Friction'!$H$392:$H$607) | E15: =MIN('Scratch-Friction'!$H$392:$H$607) | F15: =MAX('Scratch-Friction'!$H$392:$H$607) | G15: =AVERAGE('Scratch-Friction'!$H$392:$H$607) | H15: =MIN('Scratch-Friction'!$I$392:$I$607) | I15: =MAX('Scratch-Friction'!$I$392:$I$607) | J15: =AVERAGE('Scratch-Friction'!$I$392:$I$607) | K15: =MIN('Scratch-Friction'!$J$392:$J$607) | L15: =MAX('Scratch-Friction'!$J$392:$J$607) | M15: =AVERAGE('Scratch-Friction'!$J$392:$J$607) | N15: =MIN('Scratch-Friction'!$K$392:$K$607) | O15: =MAX('Scratch-Friction'!$K$392:$K$607) | P15: =AVERAGE('Scratch-Friction'!$K$392:$K$607) | Q15: =MIN('Scratch-Friction'!$Q$392:$Q$607) | R15: =MAX('Scratch-Friction'!$Q$392:$Q$607) | S15: =AVERAGE('Scratch-Friction'!$Q$392:$Q$607) | T15: =MIN('Scratch-Friction'!$R$392:$R$607) | U15: =MAX('Scratch-Friction'!$R$392:$R$607) | V15: =AVERAGE('Scratch-Friction'!$R$392:$R$607) | W15: =MIN('Scratch-Friction'!$S$392:$S$607) | X15: =MAX('Scratch-Friction'!$S$392:$S$607) | Y15: =AVERAGE('Scratch-Friction'!$S$392:$S$607) | Z15: =MIN('Scratch-Friction'!$T$392:$T$607) | AA15: =MAX('Scratch-Friction'!$T$392:$T$607) | AB15: =AVERAGE('Scratch-Friction'!$T$392:$T$607)
A16: Friction | B16: thin | C16: fabric04 | D16: =COUNT('Scratch-Friction'!$H$608:$H$814) | E16: =MIN('Scratch-Friction'!$H$608:$H$814) | F16: =MAX('Scratch-Friction'!$H$608:$H$814) | G16: =AVERAGE('Scratch-Friction'!$H$608:$H$814) | H16: =MIN('Scratch-Friction'!$I$608:$I$814) | I16: =MAX('Scratch-Friction'!$I$608:$I$814) | J16: =AVERAGE('Scratch-Friction'!$I$608:$I$814) | K16: =MIN('Scratch-Friction'!$J$608:$J$814) | L16: =MAX('Scratch-Friction'!$J$608:$J$814) | M16: =AVERAGE('Scratch-Friction'!$J$608:$J$814) | N16: =MIN('Scratch-Friction'!$K$608:$K$814) | O16: =MAX('Scratch-Friction'!$K$608:$K$814) | P16: =AVERAGE('Scratch-Friction'!$K$608:$K$814) | Q16: =MIN('Scratch-Friction'!$Q$608:$Q$814) | R16: =MAX('Scratch-Friction'!$Q$608:$Q$814) | S16: =AVERAGE('Scratch-Friction'!$Q$608:$Q$814) | T16: =MIN('Scratch-Friction'!$R$608:$R$814) | U16: =MAX('Scratch-Friction'!$R$608:$R$814) | V16: =AVERAGE('Scratch-Friction'!$R$608:$R$814) | W16: =MIN('Scratch-Friction'!$S$608:$S$814) | X16: =MAX('Scratch-Friction'!$S$608:$S$814) | Y16: =AVERAGE('Scratch-Friction'!$S$608:$S$814) | Z16: =MIN('Scratch-Friction'!$T$608:$T$814) | AA16: =MAX('Scratch-Friction'!$T$608:$T$814) | AB16: =AVERAGE('Scratch-Friction'!$T$608:$T$814)
A17: Friction | B17: thin | C17: fabric05 | D17: =COUNT('Scratch-Friction'!$H$815:$H$1031) | E17: =MIN('Scratch-Friction'!$H$815:$H$1031) | F17: =MAX('Scratch-Friction'!$H$815:$H$1031) | G17: =AVERAGE('Scratch-Friction'!$H$815:$H$1031) | H17: =MIN('Scratch-Friction'!$I$815:$I$1031) | I17: =MAX('Scratch-Friction'!$I$815:$I$1031) | J17: =AVERAGE('Scratch-Friction'!$I$815:$I$1031) | K17: =MIN('Scratch-Friction'!$J$815:$J$1031) | L17: =MAX('Scratch-Friction'!$J$815:$J$1031) | M17: =AVERAGE('Scratch-Friction'!$J$815:$J$1031) | N17: =MIN('Scratch-Friction'!$K$815:$K$1031) | O17: =MAX('Scratch-Friction'!$K$815:$K$1031) | P17: =AVERAGE('Scratch-Friction'!$K$815:$K$1031) | Q17: =MIN('Scratch-Friction'!$Q$815:$Q$1031) | R17: =MAX('Scratch-Friction'!$Q$815:$Q$1031) | S17: =AVERAGE('Scratch-Friction'!$Q$815:$Q$1031) | T17: =MIN('Scratch-Friction'!$R$815:$R$1031) | U17: =MAX('Scratch-Friction'!$R$815:$R$1031) | V17: =AVERAGE('Scratch-Friction'!$R$815:$R$1031) | W17: =MIN('Scratch-Friction'!$S$815:$S$1031) | X17: =MAX('Scratch-Friction'!$S$815:$S$1031) | Y17: =AVERAGE('Scratch-Friction'!$S$815:$S$1031) | Z17: =MIN('Scratch-Friction'!$T$815:$T$1031) | AA17: =MAX('Scratch-Friction'!$T$815:$T$1031) | AB17: =AVERAGE('Scratch-Friction'!$T$815:$T$1031)
A18: Friction | B18: thin | C18: fabric06 | D18: =COUNT('Scratch-Friction'!$H$1032:$H$1254) | E18: =MIN('Scratch-Friction'!$H$1032:$H$1254) | F18: =MAX('Scratch-Friction'!$H$1032:$H$1254) | G18: =AVERAGE('Scratch-Friction'!$H$1032:$H$1254) | H18: =MIN('Scratch-Friction'!$I$1032:$I$1254) | I18: =MAX('Scratch-Friction'!$I$1032:$I$1254) | J18: =AVERAGE('Scratch-Friction'!$I$1032:$I$1254) | K18: =MIN('Scratch-Friction'!$J$1032:$J$1254) | L18: =MAX('Scratch-Friction'!$J$1032:$J$1254) | M18: =AVERAGE('Scratch-Friction'!$J$1032:$J$1254) | N18: =MIN('Scratch-Friction'!$K$1032:$K$1254) | O18: =MAX('Scratch-Friction'!$K$1032:$K$1254) | P18: =AVERAGE('Scratch-Friction'!$K$1032:$K$1254) | Q18: =MIN('Scratch-Friction'!$Q$1032:$Q$1254) | R18: =MAX('Scratch-Friction'!$Q$1032:$Q$1254) | S18: =AVERAGE('Scratch-Friction'!$Q$1032:$Q$1254) | T18: =MIN('Scratch-Friction'!$R$1032:$R$1254) | U18: =MAX('Scratch-Friction'!$R$1032:$R$1254) | V18: =AVERAGE('Scratch-Friction'!$R$1032:$R$1254) | W18: =MIN('Scratch-Friction'!$S$1032:$S$1254) | X18: =MAX('Scratch-Friction'!$S$1032:$S$1254) | Y18: =AVERAGE('Scratch-Friction'!$S$1032:$S$1254) | Z18: =MIN('Scratch-Friction'!$T$1032:$T$1254) | AA18: =MAX('Scratch-Friction'!$T$1032:$T$1254) | AB18: =AVERAGE('Scratch-Friction'!$T$1032:$T$1254)
A19: Holes | B19: simple | C19: fabric01 | D19: =COUNT('Material loss - Holes'!$H$2:$H$213) | E19: =MIN('Material loss - Holes'!$H$2:$H$213) | F19: =MAX('Material loss - Holes'!$H$2:$H$213) | G19: =AVERAGE('Material loss - Holes'!$H$2:$H$213) | H19: =MIN('Material loss - Holes'!$I$2:$I$213) | I19: =MAX('Material loss - Holes'!$I$2:$I$213) | J19: =AVERAGE('Material loss - Holes'!$I$2:$I$213) | K19: =MIN('Material loss - Holes'!$J$2:$J$213) | L19: =MAX('Material loss - Holes'!$J$2:$J$213) | M19: =AVERAGE('Material loss - Holes'!$J$2:$J$213) | N19: =MIN('Material loss - Holes'!$K$2:$K$213) | O19: =MAX('Material loss - Holes'!$K$2:$K$213) | P19: =AVERAGE('Material loss - Holes'!$K$2:$K$213) | Q19: =MIN('Material loss - Holes'!$Q$2:$Q$213) | R19: =MAX('Material loss - Holes'!$Q$2:$Q$213) | S19: =AVERAGE('Material loss - Holes'!$Q$2:$Q$213) | T19: =MIN('Material loss - Holes'!$R$2:$R$213) | U19: =MAX('Material loss - Holes'!$R$2:$R$213) | V19: =AVERAGE('Material loss - Holes'!$R$2:$R$213) | W19: =MIN('Material loss - Holes'!$S$2:$S$213) | X19: =MAX('Material loss - Holes'!$S$2:$S$213) | Y19: =AVERAGE('Material loss - Holes'!$S$2:$S$213) | Z19: =MIN('Material loss - Holes'!$T$2:$T$213) | AA19: =MAX('Material loss - Holes'!$T$2:$T$213) | AB19: =AVERAGE('Material loss - Holes'!$T$2:$T$213)

Sheet Umbrales propuestos
A1: defect_type | B1: criterio | C1: percentil | D1: umbral_depth_p95_mm | E1: metrica_tamano | F1: umbral_tamano | G1: umbral_volumen_mm3 | H1: %_no_reparable | I1: regla
A2: Abrasion | B2: P50 de todos | C2: 0.5 | D2: =PERCENTILE('Scratch-Abrasion'!$R$2:$R$1023,$C2) | E2: area_mm2 | F2: =PERCENTILE('Scratch-Abrasion'!$H$2:$H$1023,$C2) | G2: =PERCENTILE('Scratch-Abrasion'!$T$2:$T$1023,$C2) | H2: =SUMPRODUCT(--((('Scratch-Abrasion'!$R$2:$R$1023>$D2)+('Scratch-Abrasion'!$H$2:$H$1023>$F2)+('Scratch-Abrasion'!$T$2:$T$1023>$G2))>0))/COUNT('Scratch-Abrasion'!$R$2:$R$1023) | I2: NO reparable si depth_p95 > umbral O tamano > umbral O volumen > umbral
A3: Abrasion | B3: P75 de todos | C3: 0.75 | D3: =PERCENTILE('Scratch-Abrasion'!$R$2:$R$1023,$C3) | E3: area_mm2 | F3: =PERCENTILE('Scratch-Abrasion'!$H$2:$H$1023,$C3) | G3: =PERCENTILE('Scratch-Abrasion'!$T$2:$T$1023,$C3) | H3: =SUMPRODUCT(--((('Scratch-Abrasion'!$R$2:$R$1023>$D3)+('Scratch-Abrasion'!$H$2:$H$1023>$F3)+('Scratch-Abrasion'!$T$2:$T$1023>$G3))>0))/COUNT('Scratch-Abrasion'!$R$2:$R$1023) | I3: NO reparable si depth_p95 > umbral O tamano > umbral O volumen > umbral
A4: Abrasion | B4: P90 de todos | C4: 0.9 | D4: =PERCENTILE('Scratch-Abrasion'!$R$2:$R$1023,$C4) | E4: area_mm2 | F4: =PERCENTILE('Scratch-Abrasion'!$H$2:$H$1023,$C4) | G4: =PERCENTILE('Scratch-Abrasion'!$T$2:$T$1023,$C4) | H4: =SUMPRODUCT(--((('Scratch-Abrasion'!$R$2:$R$1023>$D4)+('Scratch-Abrasion'!$H$2:$H$1023>$F4)+('Scratch-Abrasion'!$T$2:$T$1023>$G4))>0))/COUNT('Scratch-Abrasion'!$R$2:$R$1023) | I4: NO reparable si depth_p95 > umbral O tamano > umbral O volumen > umbral
A5: Crack | B5: P50 de todos | C5: 0.5 | D5: =PERCENTILE('Crack (cut)'!$R$2:$R$980,$C5) | E5: major_axis_length_mm | F5: =PERCENTILE('Crack (cut)'!$J$2:$J$980,$C5) | G5: =PERCENTILE('Crack (cut)'!$T$2:$T$980,$C5) | H5: =SUMPRODUCT(--((('Crack (cut)'!$R$2:$R$980>$D5)+('Crack (cut)'!$J$2:$J$980>$F5)+('Crack (cut)'!$T$2:$T$980>$G5))>0))/COUNT('Crack (cut)'!$R$2:$R$980) | I5: NO reparable si depth_p95 > umbral O tamano > umbral O volumen > umbral
A6: Crack | B6: P75 de todos | C6: 0.75 | D6: =PERCENTILE('Crack (cut)'!$R$2:$R$980,$C6) | E6: major_axis_length_mm | F6: =PERCENTILE('Crack (cut)'!$J$2:$J$980,$C6) | G6: =PERCENTILE('Crack (cut)'!$T$2:$T$980,$C6) | H6: =SUMPRODUCT(--((('Crack (cut)'!$R$2:$R$980>$D6)+('Crack (cut)'!$J$2:$J$980>$F6)+('Crack (cut)'!$T$2:$T$980>$G6))>0))/COUNT('Crack (cut)'!$R$2:$R$980) | I6: NO reparable si depth_p95 > umbral O tamano > umbral O volumen > umbral
A7: Crack | B7: P90 de todos | C7: 0.9 | D7: =PERCENTILE('Crack (cut)'!$R$2:$R$980,$C7) | E7: major_axis_length_mm | F7: =PERCENTILE('Crack (cut)'!$J$2:$J$980,$C7) | G7: =PERCENTILE('Crack (cut)'!$T$2:$T$980,$C7) | H7: =SUMPRODUCT(--((('Crack (cut)'!$R$2:$R$980>$D7)+('Crack (cut)'!$J$2:$J$980>$F7)+('Crack (cut)'!$T$2:$T$980>$G7))>0))/COUNT('Crack (cut)'!$R$2:$R$980) | I7: NO reparable si depth_p95 > umbral O tamano > umbral O volumen > umbral
A8: Friction | B8: P50 de todos | C8: 0.5 | D8: =PERCENTILE('Scratch-Friction'!$R$2:$R$1254,$C8) | E8: area_mm2 | F8: =PERCENTILE('Scratch-Friction'!$H$2:$H$1254,$C8) | G8: =PERCENTILE('Scratch-Friction'!$T$2:$T$1254,$C8) | H8: =SUMPRODUCT(--((('Scratch-Friction'!$R$2:$R$1254>$D8)+('Scratch-Friction'!$H$2:$H$1254>$F8)+('Scratch-Friction'!$T$2:$T$1254>$G8))>0))/COUNT('Scratch-Friction'!$R$2:$R$1254) | I8: NO reparable si depth_p95 > umbral O tamano > umbral O volumen > umbral
A9: Friction | B9: P75 de todos | C9: 0.75 | D9: =PERCENTILE('Scratch-Friction'!$R$2:$R$1254,$C9) | E9: area_mm2 | F9: =PERCENTILE('Scratch-Friction'!$H$2:$H$1254,$C9) | G9: =PERCENTILE('Scratch-Friction'!$T$2:$T$1254,$C9) | H9: =SUMPRODUCT(--((('Scratch-Friction'!$R$2:$R$1254>$D9)+('Scratch-Friction'!$H$2:$H$1254>$F9)+('Scratch-Friction'!$T$2:$T$1254>$G9))>0))/COUNT('Scratch-Friction'!$R$2:$R$1254) | I9: NO reparable si depth_p95 > umbral O tamano > umbral O volumen > umbral
A10: Friction | B10: P90 de todos | C10: 0.9 | D10: =PERCENTILE('Scratch-Friction'!$R$2:$R$1254,$C10) | E10: area_mm2 | F10: =PERCENTILE('Scratch-Friction'!$H$2:$H$1254,$C10) | G10: =PERCENTILE('Scratch-Friction'!$T$2:$T$1254,$C10) | H10: =SUMPRODUCT(--((('Scratch-Friction'!$R$2:$R$1254>$D10)+('Scratch-Friction'!$H$2:$H$1254>$F10)+('Scratch-Friction'!$T$2:$T$1254>$G10))>0))/COUNT('Scratch-Friction'!$R$2:$R$1254) | I10: NO reparable si depth_p95 > umbral O tamano > umbral O volumen > umbral
A11: Holes | B11: P50 de todos | C11: 0.5 | D11: =PERCENTILE('Material loss - Holes'!$R$2:$R$213,$C11) | E11: area_mm2 | F11: =PERCENTILE('Material loss - Holes'!$H$2:$H$213,$C11) | G11: =PERCENTILE('Material loss - Holes'!$T$2:$T$213,$C11) | H11: =SUMPRODUCT(--((('Material loss - Holes'!$R$2:$R$213>$D11)+('Material loss - Holes'!$H$2:$H$213>$F11)+('Material loss - Holes'!$T$2:$T$213>$G11))>0))/COUNT('Material loss - Holes'!$R$2:$R$213) | I11: NO reparable si depth_p95 > umbral O tamano > umbral O volumen > umbral
A12: Holes | B12: P75 de todos | C12: 0.75 | D12: =PERCENTILE('Material loss - Holes'!$R$2:$R$213,$C12) | E12: area_mm2 | F12: =PERCENTILE('Material loss - Holes'!$H$2:$H$213,$C12) | G12: =PERCENTILE('Material loss - Holes'!$T$2:$T$213,$C12) | H12: =SUMPRODUCT(--((('Material loss - Holes'!$R$2:$R$213>$D12)+('Material loss - Holes'!$H$2:$H$213>$F12)+('Material loss - Holes'!$T$2:$T$213>$G12))>0))/COUNT('Material loss - Holes'!$R$2:$R$213) | I12: NO reparable si depth_p95 > umbral O tamano > umbral O volumen > umbral
A13: Holes | B13: P90 de todos | C13: 0.9 | D13: =PERCENTILE('Material loss - Holes'!$R$2:$R$213,$C13) | E13: area_mm2 | F13: =PERCENTILE('Material loss - Holes'!$H$2:$H$213,$C13) | G13: =PERCENTILE('Material loss - Holes'!$T$2:$T$213,$C13) | H13: =SUMPRODUCT(--((('Material loss - Holes'!$R$2:$R$213>$D13)+('Material loss - Holes'!$H$2:$H$213>$F13)+('Material loss - Holes'!$T$2:$T$213>$G13))>0))/COUNT('Material loss - Holes'!$R$2:$R$213) | I13: NO reparable si depth_p95 > umbral O tamano > umbral O volumen > umbral

Sheet Percentiles profundidad
A1: defect_type | B1: variant | C1: depth_p95_mm_P10 | D1: depth_p95_mm_P25 | E1: depth_p95_mm_P50 | F1: depth_p95_mm_P75 | G1: depth_p95_mm_P90 | H1: depth_max_mm_P10 | I1: depth_max_mm_P25 | J1: depth_max_mm_P50 | K1: depth_max_mm_P75 | L1: depth_max_mm_P90 | M1: depth_volume_mm3_P10 | N1: depth_volume_mm3_P25 | O1: depth_volume_mm3_P50 | P1: depth_volume_mm3_P75 | Q1: depth_volume_mm3_P90 | R1: area_mm2_P10 | S1: area_mm2_P25 | T1: area_mm2_P50 | U1: area_mm2_P75 | V1: area_mm2_P90
A2: Abrasion | B2: thin | C2: =PERCENTILE('Scratch-Abrasion'!$R$2:$R$1023,0.1) | D2: =PERCENTILE('Scratch-Abrasion'!$R$2:$R$1023,0.25) | E2: =PERCENTILE('Scratch-Abrasion'!$R$2:$R$1023,0.5) | F2: =PERCENTILE('Scratch-Abrasion'!$R$2:$R$1023,0.75) | G2: =PERCENTILE('Scratch-Abrasion'!$R$2:$R$1023,0.9) | H2: =PERCENTILE('Scratch-Abrasion'!$S$2:$S$1023,0.1) | I2: =PERCENTILE('Scratch-Abrasion'!$S$2:$S$1023,0.25) | J2: =PERCENTILE('Scratch-Abrasion'!$S$2:$S$1023,0.5) | K2: =PERCENTILE('Scratch-Abrasion'!$S$2:$S$1023,0.75) | L2: =PERCENTILE('Scratch-Abrasion'!$S$2:$S$1023,0.9) | M2: =PERCENTILE('Scratch-Abrasion'!$T$2:$T$1023,0.1) | N2: =PERCENTILE('Scratch-Abrasion'!$T$2:$T$1023,0.25) | O2: =PERCENTILE('Scratch-Abrasion'!$T$2:$T$1023,0.5) | P2: =PERCENTILE('Scratch-Abrasion'!$T$2:$T$1023,0.75) | Q2: =PERCENTILE('Scratch-Abrasion'!$T$2:$T$1023,0.9) | R2: =PERCENTILE('Scratch-Abrasion'!$H$2:$H$1023,0.1) | S2: =PERCENTILE('Scratch-Abrasion'!$H$2:$H$1023,0.25) | T2: =PERCENTILE('Scratch-Abrasion'!$H$2:$H$1023,0.5) | U2: =PERCENTILE('Scratch-Abrasion'!$H$2:$H$1023,0.75) | V2: =PERCENTILE('Scratch-Abrasion'!$H$2:$H$1023,0.9)
A3: Crack | B3: thin | C3: =PERCENTILE('Crack (cut)'!$R$2:$R$980,0.1) | D3: =PERCENTILE('Crack (cut)'!$R$2:$R$980,0.25) | E3: =PERCENTILE('Crack (cut)'!$R$2:$R$980,0.5) | F3: =PERCENTILE('Crack (cut)'!$R$2:$R$980,0.75) | G3: =PERCENTILE('Crack (cut)'!$R$2:$R$980,0.9) | H3: =PERCENTILE('Crack (cut)'!$S$2:$S$980,0.1) | I3: =PERCENTILE('Crack (cut)'!$S$2:$S$980,0.25) | J3: =PERCENTILE('Crack (cut)'!$S$2:$S$980,0.5) | K3: =PERCENTILE('Crack (cut)'!$S$2:$S$980,0.75) | L3: =PERCENTILE('Crack (cut)'!$S$2:$S$980,0.9) | M3: =PERCENTILE('Crack (cut)'!$T$2:$T$980,0.1) | N3: =PERCENTILE('Crack (cut)'!$T$2:$T$980,0.25) | O3: =PERCENTILE('Crack (cut)'!$T$2:$T$980,0.5) | P3: =PERCENTILE('Crack (cut)'!$T$2:$T$980,0.75) | Q3: =PERCENTILE('Crack (cut)'!$T$2:$T$980,0.9) | R3: =PERCENTILE('Crack (cut)'!$H$2:$H$980,0.1) | S3: =PERCENTILE('Crack (cut)'!$H$2:$H$980,0.25) | T3: =PERCENTILE('Crack (cut)'!$H$2:$H$980,0.5) | U3: =PERCENTILE('Crack (cut)'!$H$2:$H$980,0.75) | V3: =PERCENTILE('Crack (cut)'!$H$2:$H$980,0.9)
A4: Friction | B4: thin | C4: =PERCENTILE('Scratch-Friction'!$R$2:$R$1254,0.1) | D4: =PERCENTILE('Scratch-Friction'!$R$2:$R$1254,0.25) | E4: =PERCENTILE('Scratch-Friction'!$R$2:$R$1254,0.5) | F4: =PERCENTILE('Scratch-Friction'!$R$2:$R$1254,0.75) | G4: =PERCENTILE('Scratch-Friction'!$R$2:$R$1254,0.9) | H4: =PERCENTILE('Scratch-Friction'!$S$2:$S$1254,0.1) | I4: =PERCENTILE('Scratch-Friction'!$S$2:$S$1254,0.25) | J4: =PERCENTILE('Scratch-Friction'!$S$2:$S$1254,0.5) | K4: =PERCENTILE('Scratch-Friction'!$S$2:$S$1254,0.75) | L4: =PERCENTILE('Scratch-Friction'!$S$2:$S$1254,0.9) | M4: =PERCENTILE('Scratch-Friction'!$T$2:$T$1254,0.1) | N4: =PERCENTILE('Scratch-Friction'!$T$2:$T$1254,0.25) | O4: =PERCENTILE('Scratch-Friction'!$T$2:$T$1254,0.5) | P4: =PERCENTILE('Scratch-Friction'!$T$2:$T$1254,0.75) | Q4: =PERCENTILE('Scratch-Friction'!$T$2:$T$1254,0.9) | R4: =PERCENTILE('Scratch-Friction'!$H$2:$H$1254,0.1) | S4: =PERCENTILE('Scratch-Friction'!$H$2:$H$1254,0.25) | T4: =PERCENTILE('Scratch-Friction'!$H$2:$H$1254,0.5) | U4: =PERCENTILE('Scratch-Friction'!$H$2:$H$1254,0.75) | V4: =PERCENTILE('Scratch-Friction'!$H$2:$H$1254,0.9)
A5: Holes | B5: simple | C5: =PERCENTILE('Material loss - Holes'!$R$2:$R$213,0.1) | D5: =PERCENTILE('Material loss - Holes'!$R$2:$R$213,0.25) | E5: =PERCENTILE('Material loss - Holes'!$R$2:$R$213,0.5) | F5: =PERCENTILE('Material loss - Holes'!$R$2:$R$213,0.75) | G5: =PERCENTILE('Material loss - Holes'!$R$2:$R$213,0.9) | H5: =PERCENTILE('Material loss - Holes'!$S$2:$S$213,0.1) | I5: =PERCENTILE('Material loss - Holes'!$S$2:$S$213,0.25) | J5: =PERCENTILE('Material loss - Holes'!$S$2:$S$213,0.5) | K5: =PERCENTILE('Material loss - Holes'!$S$2:$S$213,0.75) | L5: =PERCENTILE('Material loss - Holes'!$S$2:$S$213,0.9) | M5: =PERCENTILE('Material loss - Holes'!$T$2:$T$213,0.1) | N5: =PERCENTILE('Material loss - Holes'!$T$2:$T$213,0.25) | O5: =PERCENTILE('Material loss - Holes'!$T$2:$T$213,0.5) | P5: =PERCENTILE('Material loss - Holes'!$T$2:$T$213,0.75) | Q5: =PERCENTILE('Material loss - Holes'!$T$2:$T$213,0.9) | R5: =PERCENTILE('Material loss - Holes'!$H$2:$H$213,0.1) | S5: =PERCENTILE('Material loss - Holes'!$H$2:$H$213,0.25) | T5: =PERCENTILE('Material loss - Holes'!$H$2:$H$213,0.5) | U5: =PERCENTILE('Material loss - Holes'!$H$2:$H$213,0.75) | V5: =PERCENTILE('Material loss - Holes'!$H$2:$H$213,0.9)

Sheet Cobertura deteccion
A1: defect_type | B1: variant | C1: images | D1: detected | E1: detection_rate
A2: Abrasion | B2: thin | C2: 1022 | D2: =COUNT('Scratch-Abrasion'!$H$2:$H$1023) | E2: =D2/C2
A3: Crack | B3: thin | C3: 979 | D3: =COUNT('Crack (cut)'!$H$2:$H$980) | E3: =D3/C3
A4: Friction | B4: thin | C4: 1253 | D4: =COUNT('Scratch-Friction'!$H$2:$H$1254) | E4: =D4/C4
A5: Holes | B5: simple | C5: 212 | D5: =COUNT('Material loss - Holes'!$H$2:$H$213) | E5: =D5/C5

Sheet Material loss - Holes
A1: relative_path | B1: defect_type | C1: variant | D1: fabric | E1: detected | F1: pred_class | G1: conf | H1: area_mm2 | I1: perimeter_mm | J1: major_axis_length_mm | K1: minor_axis_length_mm | L1: eccentricity | M1: compactation | N1: glcm_homogeneity | O1: glcm_energy | P1: glcm_entropy | Q1: depth_mean_mm | R1: depth_p95_mm | S1: depth_max_mm | T1: depth_volume_mm3
A2: hole/fabric01_hole_img/rgb_0136.png | B2: Holes | C2: simple | D2: fabric01 | E2: 1 | F2: 3 | G2: 0.62512642 | H2: 20.184003 | I2: 18.066545 | J2: 5.8952426 | K2: 4.7533241 | L2: 0.62271155 | M2: 0.77708217 | N2: 0.56073503 | O2: 0.20875952 | P2: 7.1430226 | Q2: 0.017438583 | R2: 0.047101044 | S2: 0.054468249 | T2: 0.40851619
A3: hole/fabric01_hole_img/rgb_0137.png | B3: Holes | C3: simple | D3: fabric01 | E3: 1 | F3: 3 | G3: 0.89536995 | H3: 14.251402 | I3: 14.440511 | J3: 4.3860395 | K3: 4.0320405 | L3: 0.45598906 | M3: 0.8588204 | N3: 0.55806756 | O3: 0.24381222 | P3: 6.8359415 | Q3: 0.042652823 | R3: 0.091496856 | S3: 0.10352754 | T3: 0.70549861
A4: hole/fabric01_hole_img/rgb_0138.png | B4: Holes | C4: simple | D4: fabric01 | E4: 1 | F4: 3 | G4: 0.9238537 | H4: 12.852237 | I4: 13.556034 | J4: 4.1958299 | K4: 3.882119 | L4: 0.46459082 | M4: 0.87886728 | N4: 0.55980378 | O4: 0.27304274 | P4: 6.9296225 | Q4: 0.070771698 | R4: 0.1470984 | S4: 0.16524423 | T4: 1.0556723
A5: hole/fabric01_hole_img/rgb_0139.png | B5: Holes | C5: simple | D5: fabric01 | E5: 1 | F5: 3 | G5: 0.93028688 | H5: 12.873016 | I5: 13.52156 | J5: 4.2630579 | K5: 3.9218324 | L5: 0.45501275 | M5: 0.88478257 | N5: 0.53302832 | O5: 0.27104643 | P5: 7.1871494 | Q5: 0.083548365 | R5: 0.17642915 | S5: 0.19540545 | T5: 1.2482715
A6: hole/fabric01_hole_img/rgb_0140.png | B6: Holes | C6: simple | D6: fabric01 | E6: 1 | F6: 3 | G6: 0.92865515 | H6: 13.008084 | I6: 13.659454 | J6: 4.3052431 | K6: 3.8306348 | L6: 0.48018132 | M6: 0.87610578 | N6: 0.52765079 | O6: 0.26417505 | P6: 7.25101 | Q6: 0.083782622 | R6: 0.17771381 | S6: 0.19649903 | T6: 1.2649055
A7: hole/fabric01_hole_img/rgb_0141.png | B7: Holes | C7: simple | D7: fabric01 | E7: 1 | F7: 3 | G7: 0.92966264 | H7: 12.890333 | I7: 13.556034 | J7: 4.276621 | K7: 3.8585618 | L7: 0.48061937 | M7: 0.88147239 | N7: 0.53234496 | O7: 0.2693736 | P7: 7.2011804 | Q7: 0.083160159 | R7: 0.17693253 | S7: 0.19495128 | T7: 1.2441428
A8: hole/fabric01_hole_img/rgb_0142.png | B8: Holes | C8: simple | D8: fabric01 | E8: 1 | F8: 3 | G8: 0.92851138 | H8: 13.011548 | I8: 13.62498 | J8: 4.2280352 | K8: 3.8836273 | L8: 0.46156047 | M8: 0.8807792 | N8: 0.52581561 | O8: 0.26321593 | P8: 7.2533296 | Q8: 0.083806154 | R8: 0.17781632 | S8: 0.19844122 | T8: 1.2655976
A9: hole/fabric01_hole_img/rgb_0143.png | B9: Holes | C9: simple | D9: fabric01 | E9: 1 | F9: 3 | G9: 0.92737412 | H9: 13.091203 | I9: 13.62498 | J9: 4.279017 | K9: 3.9023706 | L9: 0.46884368 | M9: 0.88617124 | N9: 0.53259439 | O9: 0.26054901 | P9: 7.2317225 | Q9: 0.082748219 | R9: 0.17568317 | S9: 0.19431898 | T9: 1.2572713
A10: hole/fabric01_hole_img/rgb_0144.png | B10: Holes | C10: simple | D10: fabric01 | E10: 1 | F10: 3 | G10: 0.92798001 | H10: 12.942282 | I10: 13.556034 | J10: 4.187502 | K10: 3.8666282 | L10: 0.46838881 | M10: 0.8850248 | N10: 0.54335947 | O10: 0.26851615 | P10: 7.1558866 | Q10: 0.083863336 | R10: 0.17415251 | S10: 0.19548776 | T10: 1.2597193
A11: hole/fabric01_hole_img/rgb_0145.png | B11: Holes | C11: simple | D11: fabric01 | E11: 1 | F11: 3 | G11: 0.92783415 | H11: 13.08774 | I11: 13.63926 | J11: 4.2639959 | K11: 3.908722 | L11: 0.46012193 | M11: 0.88408275 | N11: 0.54409807 | O11: 0.26993997 | P11: 7.1374971 | Q11: 0.081306014 | R11: 0.17216261 | S11: 0.19155882 | T11: 1.2350317
A12: hole/fabric01_hole_img/rgb_0146.png | B12: Holes | C12: simple | D12: fabric01 | E12: 1 | F12: 3 | G12: 0.93034267 | H12: 12.959598 | I12: 13.556034 | J12: 4.2416628 | K12: 3.8594511 | L12: 0.46994555 | M12: 0.88620894 | N12: 0.54551964 | O12: 0.26792843 | P12: 7.1491979 | Q12: 0.081183771 | R12: 0.17019948 | S12: 0.19085179 | T12: 1.2211009
A13: hole/fabric01_hole_img/rgb_0147.png | B13: Holes | C13: simple | D13: fabric01 | E13: 1 | F13: 3 | G13: 0.92881566 | H13: 13.105056 | I13: 13.777153 | J13: 4.2418141 | K13: 3.8428697 | L13: 0.48147339 | M13: 0.86762047 | N13: 0.54073892 | O13: 0.26943425 | P13: 7.1493218 | Q13: 0.081963238 | R13: 0.17326583 | S13: 0.1929963 | T13: 1.2466622
... A213: hole/fabric01_hole_img/rgb_0901.png | B213: Holes | C213: simple | D213: fabric01 | E213: 1 | F213: 3 | G213: 0.85993356 | H213: 12.505909 | I213: 13.987458 | J213: 5.0519225 | K213: 3.3424618 | L213: 0.7384423 | M213: 0.80324409 | N213: 0.59069963 | O213: 0.23808517 | P213: 6.7956318 | Q213: 0.048429787 | R213: 0.093943665 | S213: 0.11064759 | T213: 0.70294054

Sheet Crack (cut)
A1: relative_path | B1: defect_type | C1: variant | D1: fabric | E1: detected | F1: pred_class | G1: conf | H1: area_mm2 | I1: perimeter_mm | J1: major_axis_length_mm | K1: minor_axis_length_mm | L1: eccentricity | M1: compactation | N1: glcm_homogeneity | O1: glcm_energy | P1: glcm_entropy | Q1: depth_mean_mm | R1: depth_p95_mm | S1: depth_max_mm | T1: depth_volume_mm3
A2: thin_cut/fabric01_thin_cut_img/rgb_0242.png | B2: Crack | C2: thin | D2: fabric01 | E2: 1 | F2: 1 | G2: 0.28323618 | H2: 5.2607242 | I2: 12.679501 | J2: 5.5674736 | K2: 1.0551206 | L2: 0.98359143 | M2: 0.41119808 | N2: 0.44073109 | O2: 0.12357093 | P2: 7.7273284 | Q2: 0.0023265664 | R2: 0.014940434 | S2: 0.025896468 | T2: 0.014205344
A3: thin_cut/fabric01_thin_cut_img/rgb_0243.png | B3: Crack | C3: thin | D3: fabric01 | E3: 1 | F3: 1 | G3: 0.44182307 | H3: 5.1741422 | I3: 12.880426 | J3: 5.6889315 | K3: 0.98866994 | L3: 0.98611048 | M3: 0.39191127 | N3: 0.38451115 | O3: 0.13905903 | P3: 8.0511529 | Q3: 0.0078410192 | R3: 0.028070203 | S3: 0.038799436 | T3: 0.047087069
A4: thin_cut/fabric01_thin_cut_img/rgb_0244.png | B4: Crack | C4: thin | D4: fabric01 | E4: 1 | F4: 1 | G4: 0.46850494 | H4: 4.7585484 | I4: 12.748448 | J4: 5.6244586 | K4: 0.90730502 | L4: 0.98767845 | M4: 0.36793386 | N4: 0.31398804 | O4: 0.10504393 | P4: 8.5895529 | Q4: 0.019713438 | R4: 0.05398204 | S4: 0.066198201 | T4: 0.10887487
A5: thin_cut/fabric01_thin_cut_img/rgb_0245.png | B5: Crack | C5: thin | D5: fabric01 | E5: 1 | F5: 1 | G5: 0.44765696 | H5: 4.6823563 | I5: 12.7972 | J5: 5.7345666 | K5: 0.88973853 | L5: 0.98854814 | M5: 0.35928939 | N5: 0.30559075 | O5: 0.093202853 | P5: 8.6367765 | Q5: 0.02154607 | R5: 0.055994877 | S5: 0.070431325 | T5: 0.11709094
A6: thin_cut/fabric01_thin_cut_img/rgb_0246.png | B6: Crack | C6: thin | D6: fabric01 | E6: 1 | F6: 1 | G6: 0.45072022 | H6: 4.6996727 | I6: 12.748448 | J6: 5.7325465 | K6: 0.88968528 | L6: 0.98845682 | M6: 0.36338155 | N6: 0.31024877 | O6: 0.09161329 | P6: 8.684754 | Q6: 0.021665784 | R6: 0.056330702 | S6: 0.068089152 | T6: 0.11817696
A7: thin_cut/fabric01_thin_cut_img/rgb_0247.png | B7: Crack | C7: thin | D7: fabric01 | E7: 1 | F7: 1 | G7: 0.47607166 | H7: 4.7689383 | I7: 12.831674 | J7: 5.7907352 | K7: 0.8907231 | L7: 0.9884287 | M7: 0.36396947 | N7: 0.30288301 | O7: 0.087326513 | P7: 8.7142372 | Q7: 0.020610719 | R7: 0.055585595 | S7: 0.066016943 | T7: 0.11407898
A8: thin_cut/fabric01_thin_cut_img/rgb_0248.png | B8: Crack | C8: thin | D8: fabric01 | E8: 1 | F8: 1 | G8: 0.46325964 | H8: 4.7065992 | I8: 12.748448 | J8: 5.7342866 | K8: 0.89528124 | L8: 0.98844673 | M8: 0.36391711 | N8: 0.30937 | O8: 0.090876846 | P8: 8.6844673 | Q8: 0.021367073 | R8: 0.055584205 | S8: 0.066571521 | T8: 0.1167194
A9: thin_cut/fabric01_thin_cut_img/rgb_0249.png | B9: Crack | C9: thin | D9: fabric01 | E9: 1 | F9: 1 | G9: 0.4682121 | H9: 4.7620117 | I9: 12.728254 | J9: 5.6756501 | K9: 0.89720013 | L9: 0.98790513 | M9: 0.36937091 | N9: 0.31236864 | O9: 0.10737327 | P9: 8.5725502 | Q9: 0.020713801 | R9: 0.055579887 | S9: 0.068530464 | T9: 0.11448301
A10: thin_cut/fabric01_thin_cut_img/rgb_0250.png | B10: Crack | C10: thin | D10: fabric01 | E10: 1 | F10: 1 | G10: 0.4592129 | H10: 4.7273789 | I10: 12.762727 | J10: 5.7331308 | K10: 0.8893765 | L10: 0.98840124 | M10: 0.36470635 | N10: 0.30163975 | O10: 0.085220853 | P10: 8.7213036 | Q10: 0.02078326 | R10: 0.054442624 | S10: 0.064971344 | T10: 0.1140315
A11: thin_cut/fabric01_thin_cut_img/rgb_0251.png | B11: Crack | C11: thin | D11: fabric01 | E11: 1 | F11: 1 | G11: 0.45005396 | H11: 4.6892828 | I11: 12.748448 | J11: 5.7321038 | K11: 0.89274472 | L11: 0.98856114 | M11: 0.3625782 | N11: 0.31036444 | O11: 0.091425598 | P11: 8.6778722 | Q11: 0.020992014 | R11: 0.055996817 | S11: 0.064443622 | T11: 0.11424871
A12: thin_cut/fabric01_thin_cut_img/rgb_0252.png | B12: Crack | C12: thin | D12: fabric01 | E12: 1 | F12: 1 | G12: 0.44008499 | H12: 4.7724016 | I12: 12.866147 | J12: 5.7946457 | K12: 0.89149547 | L12: 0.98871404 | M12: 0.36228457 | N12: 0.29957121 | O12: 0.087059162 | P12: 8.6940721 | Q12: 0.020207874 | R12: 0.054739654 | S12: 0.064616726 | T12: 0.11193049
A13: thin_cut/fabric01_thin_cut_img/rgb_0253.png | B13: Crack | C13: thin | D13: fabric01 | E13: 1 | F13: 1 | G13: 0.4753702 | H13: 4.7031359 | I13: 12.748448 | J13: 5.7339795 | K13: 0.89271482 | L13: 0.98859661 | M13: 0.36364933 | N13: 0.30261169 | O13: 0.089429379 | P13: 8.6972319 | Q13: 0.021549627 | R13: 0.056539964 | S13: 0.065386218 | T13: 0.11762999
... A980: thin_cut/fabric06_thin_cut_img/rgb_0857.png | B980: Crack | C980: thin | D980: fabric06 | E980: 1 | F980: 1 | G980: 0.51732039 | H980: 7.868575 | I980: 19.580922 | J980: 9.1789896 | K980: 0.84934635 | L980: 0.99534918 | M980: 0.25789308 | N980: 0.24937212 | O980: 0.047376866 | P980: 9.2950028 | Q980: 0.025504135 | R980: 0.062537506 | S980: 0.075418754 | T980: 0.23291501

Sheet Scratch-Friction
A1: relative_path | B1: defect_type | C1: variant | D1: fabric | E1: detected | F1: pred_class | G1: conf | H1: area_mm2 | I1: perimeter_mm | J1: major_axis_length_mm | K1: minor_axis_length_mm | L1: eccentricity | M1: compactation | N1: glcm_homogeneity | O1: glcm_energy | P1: glcm_entropy | Q1: depth_mean_mm | R1: depth_p95_mm | S1: depth_max_mm | T1: depth_volume_mm3
A2: thin_friction/fabric01_thin_frction_img/rgb_0147.png | B2: Friction | C2: thin | D2: fabric01 | E2: 1 | F2: 2 | G2: 0.46148923 | H2: 36.11856 | I2: 24.796614 | J2: 8.5326529 | K2: 4.8235818 | L2: 0.84970702 | M2: 0.73816853 | N2: 0.50557654 | O2: 0.07729524 | P2: 7.9749205 | Q2: 0.0058632094 | R2: 0.023910789 | S2: 0.043751973 | T2: 0.2457857
A3: thin_friction/fabric01_thin_frction_img/rgb_0148.png | B3: Friction | C3: thin | D3: fabric01 | E3: 1 | F3: 2 | G3: 0.39333028 | H3: 39.668423 | I3: 26.094771 | J3: 8.3709688 | K3: 4.649233 | L3: 0.83856753 | M3: 0.73206193 | N3: 0.42497228 | O3: 0.060780861 | P3: 8.4504843 | Q3: 0.005332516 | R3: 0.025651459 | S3: 0.048392066 | T3: 0.24550927
A4: thin_friction/fabric01_thin_frction_img/rgb_0149.png | B4: Friction | C4: thin | D4: fabric01 | E4: 1 | F4: 2 | G4: 0.51397306 | H4: 38.35584 | I4: 25.623974 | J4: 8.1966295 | K4: 4.5896985 | L4: 0.83564819 | M4: 0.73408846 | N4: 0.36636799 | O4: 0.052701622 | P4: 8.8414607 | Q4: 0.0062889136 | R4: 0.028925637 | S4: 0.056677174 | T4: 0.27996124
A5: thin_friction/fabric01_thin_frction_img/rgb_0150.png | B5: Friction | C5: thin | D5: fabric01 | E5: 1 | F5: 2 | G5: 0.55140388 | H5: 40.243328 | I5: 26.413396 | J5: 8.6025 | K5: 4.5879167 | L5: 0.85205007 | M5: 0.72486191 | N5: 0.35599449 | O5: 0.050904997 | P5: 8.9404476 | Q5: 0.0071125396 | R5: 0.03137587 | S5: 0.061143047 | T5: 0.33220745
A6: thin_friction/fabric01_thin_frction_img/rgb_0151.png | B6: Friction | C6: thin | D6: fabric01 | E6: 1 | F6: 2 | G6: 0.55670965 | H6: 38.165359 | I6: 26.573933 | J6: 8.2411999 | K6: 4.6644346 | L6: 0.83537307 | M6: 0.67915289 | N6: 0.35356889 | O6: 0.050635711 | P6: 8.9784261 | Q6: 0.0081475211 | R6: 0.033104173 | S6: 0.065590831 | T6: 0.36089896
A7: thin_friction/fabric01_thin_frction_img/rgb_0152.png | B7: Friction | C7: thin | D7: fabric01 | E7: 1 | F7: 2 | G7: 0.50007951 | H7: 38.864942 | I7: 26.289782 | J7: 8.3184464 | K7: 4.7535598 | L7: 0.833297 | M7: 0.70663303 | N7: 0.35902314 | O7: 0.05068947 | P7: 8.972377 | Q7: 0.0079118969 | R7: 0.031689612 | S7: 0.062518196 | T7: 0.35688593
A8: thin_friction/fabric01_thin_frction_img/rgb_0153.png | B8: Friction | C8: thin | D8: fabric01 | E8: 1 | F8: 2 | G8: 0.50551802 | H8: 39.377508 | I8: 26.819428 | J8: 8.3146473 | K8: 4.6525245 | L8: 0.83607473 | M8: 0.68795345 | N8: 0.3555915 | O8: 0.051192391 | P8: 8.9289121 | Q8: 0.0059185106 | R8: 0.027724143 | S8: 0.056405037 | T8: 0.27049014
A9: thin_friction/fabric01_thin_frction_img/rgb_0154.png | B9: Friction | C9: thin | D9: fabric01 | E9: 1 | F9: 2 | G9: 0.54181111 | H9: 39.131615 | I9: 26.6286 | J9: 8.3789719 | K9: 4.604305 | L9: 0.84297184 | M9: 0.69349121 | N9: 0.35283181 | O9: 0.050929144 | P9: 8.9526279 | Q9: 0.0070660277 | R9: 0.030842446 | S9: 0.061264903 | T9: 0.32091786
A10: thin_friction/fabric01_thin_frction_img/rgb_0155.png | B10: Friction | C10: thin | D10: fabric01 | E10: 1 | F10: 2 | G10: 0.48728696 | H10: 39.938559 | I10: 26.177997 | J10: 8.428125 | K10: 4.6475 | L10: 0.84097958 | M10: 0.73236812 | N10: 0.35376035 | O10: 0.050914012 | P10: 8.9294126 | Q10: 0.0063704926 | R10: 0.028949444 | S10: 0.057551505 | T10: 0.29529507
A11: thin_friction/fabric01_thin_frction_img/rgb_0156.png | B11: Friction | C11: thin | D11: fabric01 | E11: 1 | F11: 2 | G11: 0.48832211 | H11: 40.215622 | I11: 26.33017 | J11: 8.4871813 | K11: 4.6491892 | L11: 0.84333697 | M11: 0.72894932 | N11: 0.35432165 | O11: 0.051262214 | P11: 8.9333342 | Q11: 0.0069284789 | R11: 0.030037919 | S11: 0.060804999 | T11: 0.32338768
A12: thin_friction/fabric01_thin_frction_img/rgb_0157.png | B12: Friction | C12: thin | D12: fabric01 | E12: 1 | F12: 2 | G12: 0.51736647 | H12: 39.66496 | I12: 26.060298 | J12: 8.37 | K12: 4.6475 | L12: 0.838567 | M12: 0.73393591 | N12: 0.35604586 | O12: 0.0511572 | P12: 8.9274725 | Q12: 0.0066697674 | R12: 0.030088192 | S12: 0.060742519 | T12: 0.30704957
A13: thin_friction/fabric01_thin_frction_img/rgb_0158.png | B13: Friction | C13: thin | D13: fabric01 | E13: 1 | F13: 2 | G13: 0.52801484 | H13: 40.160209 | I13: 26.10905 | J13: 8.37 | K13: 4.7070833 | L13: 0.83404442 | M13: 0.74032716 | N13: 0.35807189 | O13: 0.051237067 | P13: 8.9278787 | Q13: 0.0063988563 | R13: 0.029416379 | S13: 0.061150002 | T13: 0.29825594
... A1254: thin_friction/fabric06_thin_frction_img/rgb_0848.png | B1254: Friction | C1254: thin | D1254: fabric06 | E1254: 1 | F1254: 2 | G1254: 0.76120466 | H1254: 50.955257 | I1254: 30.716052 | J1254: 10.555322 | K1254: 4.9028079 | L1254: 0.89535089 | M1254: 0.67868471 | N1254: 0.49188799 | O1254: 0.069109696 | P1254: 8.2201686 | Q1254: 0.053064055 | R1254: 0.087612442 | S1254: 0.11872864 | T1254: 3.1381971

Sheet Scratch-Abrasion
A1: relative_path | B1: defect_type | C1: variant | D1: fabric | E1: detected | F1: pred_class | G1: conf | H1: area_mm2 | I1: perimeter_mm | J1: major_axis_length_mm | K1: minor_axis_length_mm | L1: eccentricity | M1: compactation | N1: glcm_homogeneity | O1: glcm_energy | P1: glcm_entropy | Q1: depth_mean_mm | R1: depth_p95_mm | S1: depth_max_mm | T1: depth_volume_mm3
A2: thin_abrasion/fabric01_thin_abrasion_img/rgb_0083.png | B2: Abrasion | C2: thin | D2: fabric01 | E2: 1 | F2: 0 | G2: 0.31293842 | H2: 61.563288 | I2: 34.302416 | J2: 9.4762312 | K2: 8.3337874 | L2: 0.55780848 | M2: 0.65526033 | N2: 0.50110252 | O2: 0.067585032 | P2: 8.5054529 | Q2: 0.0010132657 | R2: 0.0083330122 | S2: 0.032761349 | T2: 0.072399562
A3: thin_abrasion/fabric01_thin_abrasion_img/rgb_0084.png | B3: Abrasion | C3: thin | D3: fabric01 | E3: 1 | F3: 0 | G3: 0.51533526 | H3: 48.524034 | I3: 31.988818 | J3: 7.8587054 | K3: 6.2118002 | L3: 0.62802649 | M3: 0.59589586 | N3: 0.4184837 | O3: 0.053722523 | P3: 8.9228659 | Q3: 0.0030300621 | R3: 0.017315092 | S3: 0.034939107 | T3: 0.17064721
A4: thin_abrasion/fabric01_thin_abrasion_img/rgb_0085.png | B4: Abrasion | C4: thin | D4: fabric01 | E4: 1 | F4: 0 | G4: 0.61960268 | H4: 40.679702 | I4: 28.631282 | J4: 8.1779868 | K4: 6.4718091 | L4: 0.64561598 | M4: 0.62359988 | N4: 0.39889228 | O4: 0.091876389 | P4: 8.9168123 | Q4: 0.0078208268 | R4: 0.031958443 | S4: 0.051532967 | T4: 0.3692506
A5: thin_abrasion/fabric01_thin_abrasion_img/rgb_0086.png | B5: Abrasion | C5: thin | D5: fabric01 | E5: 1 | F5: 0 | G5: 0.61715364 | H5: 40.440735 | I5: 29.020945 | J5: 8.0774687 | K5: 6.087665 | L5: 0.67435775 | M5: 0.60247057 | N5: 0.37225018 | O5: 0.088684055 | P5: 9.075323 | Q5: 0.010524956 | R5: 0.038616446 | S5: 0.063411182 | T5: 0.4940036
A6: thin_abrasion/fabric01_thin_abrasion_img/rgb_0087.png | B6: Abrasion | C6: thin | D6: fabric01 | E6: 1 | F6: 0 | G6: 0.60396928 | H6: 40.478831 | I6: 27.401354 | J6: 8.1582068 | K6: 6.0853213 | L6: 0.68072022 | M6: 0.67544706 | N6: 0.37649029 | O6: 0.098829422 | P6: 9.0310971 | Q6: 0.010482565 | R6: 0.036153993 | S6: 0.059663986 | T6: 0.4924774
A7: thin_abrasion/fabric01_thin_abrasion_img/rgb_0088.png | B7: Abrasion | C7: thin | D7: fabric01 | E7: 1 | F7: 0 | G7: 0.62174034 | H7: 40.13943 | I7: 27.999948 | J7: 7.619919 | K7: 6.0011558 | L7: 0.63490491 | M7: 0.6389932 | N7: 0.362822 | O7: 0.084161729 | P7: 9.1440736 | Q7: 0.011181975 | R7: 0.038110083 | S7: 0.061973951 | T7: 0.52093133
A8: thin_abrasion/fabric01_thin_abrasion_img/rgb_0089.png | B8: Abrasion | C8: thin | D8: fabric01 | E8: 1 | F8: 0 | G8: 0.63347602 | H8: 40.866719 | I8: 28.787278 | J8: 8.0917252 | K8: 6.2936611 | L8: 0.65431016 | M8: 0.61917044 | N8: 0.36905325 | O8: 0.08454644 | P8: 9.1131383 | Q8: 0.0095584936 | R8: 0.036055948 | S8: 0.062547227 | T8: 0.4533671
A9: thin_abrasion/fabric01_thin_abrasion_img/rgb_0090.png | B9: Abrasion | C9: thin | D9: fabric01 | E9: 1 | F9: 0 | G9: 0.62425607 | H9: 39.921243 | I9: 28.704411 | J9: 8.0381629 | K9: 6.0958124 | L9: 0.6673416 | M9: 0.60885886 | N9: 0.37415973 | O9: 0.095101448 | P9: 9.0275864 | Q9: 0.010746374 | R9: 0.038628681 | S9: 0.062590513 | T9: 0.49791682
A10: thin_abrasion/fabric01_thin_abrasion_img/rgb_0091.png | B10: Abrasion | C10: thin | D10: fabric01 | E10: 1 | F10: 0 | G10: 0.6256786 | H10: 42.078867 | I10: 29.138644 | J10: 7.9824587 | K10: 6.1190436 | L10: 0.64840239 | M10: 0.62185818 | N10: 0.3694201 | O10: 0.081490396 | P10: 9.1404778 | Q10: 0.010147417 | R10: 0.036884388 | S10: 0.061851422 | T10: 0.49557609
A11: thin_abrasion/fabric01_thin_abrasion_img/rgb_0092.png | B11: Abrasion | C11: thin | D11: fabric01 | E11: 1 | F11: 0 | G11: 0.60567683 | H11: 40.312594 | I11: 27.886431 | J11: 8.5512385 | K11: 6.624222 | L11: 0.69616696 | M11: 0.64991444 | N11: 0.38450911 | O11: 0.1040606 | P11: 8.985599 | Q11: 0.010159524 | R11: 0.03612542 | S11: 0.060039873 | T11: 0.47534055
A12: thin_abrasion/fabric01_thin_abrasion_img/rgb_0093.png | B12: Abrasion | C12: thin | D12: fabric01 | E12: 1 | F12: 0 | G12: 0.60539734 | H12: 40.953301 | I12: 27.253005 | J12: 8.1249301 | K12: 6.127741 | L12: 0.66889049 | M12: 0.69231311 | N12: 0.38248565 | O12: 0.095394306 | P12: 9.0103883 | Q12: 0.0093682994 | R12: 0.035713829 | S12: 0.060652394 | T12: 0.44528745
A13: thin_abrasion/fabric01_thin_abrasion_img/rgb_0094.png | B13: Abrasion | C13: thin | D13: fabric01 | E13: 1 | F13: 0 | G13: 0.62277341 | H13: 39.550672 | I13: 26.915919 | J13: 7.8827521 | K13: 5.913363 | L13: 0.66223631 | M13: 0.68603347 | N13: 0.38972053 | O13: 0.10478513 | P13: 8.9029662 | Q13: 0.010930921 | R13: 0.03812437 | S13: 0.063019654 | T13: 0.50176621
... A1023: thin_abrasion/fabric06_thin_abrasion_img/rgb_0796.png | B1023: Abrasion | C1023: thin | D1023: fabric06 | E1023: 1 | F1023: 0 | G1023: 0.57622129 | H1023: 61.559824 | I1023: 33.304422 | J1023: 10.351619 | K1023: 7.3717364 | L1023: 0.73732366 | M1023: 0.69743451 | N1023: 0.4947437 | O1023: 0.074368923 | P1023: 8.5219424 | Q1023: 0.014081352 | R1023: 0.040138747 | S1023: 0.071593558 | T1023: 1.00608

Sheet Notas
A1: Notas
A2: Profundidad estimada por la red RGB->normales + Poisson (gs3drecon), no medida.
A3: Referencia de cero: mediana de las imagenes without_defect de cada tela.
A4: Profundidad en mm relativa al plano local del anillo alrededor de la mascara.
A5: Se desconoce la fuerza de contacto de este dataset.
A6: Solo imagenes presentes en Estudio_Global_Metricas.xlsx (2D, sin las imagenes malas): thin y hole fabric01.
A7: Una region por imagen (la de mayor confianza de YOLO12 distinta de No Defect).
A8: Holes: fabric01 = simple, fabric02-06 = multiple. Abrasion/Friction/Crack: thin/thick.
A9: Los umbrales de reparabilidad deben salir de un criterio real, no de estas tablas.
